{
    "map": {
        "key": "start"
    },
    "player": {
        "exp": 5,
        "hp": 1073.0,
        "level": 7,
        "mp": 650.0,
        "name": "arthaslichking",
        "pos": {
            "x": 130.394622802734,
            "y": 123.8935546875,
            "z": 104.363174438477
        }
    }
}