{
    "gear": {
        "chest": -1,
        "helm": -1,
        "weapon": -1
    },
    "inventory": {
        "gold": 1644
    },
    "map": {
        "key": "tempdun"
    },
    "player": {
        "exp": 0,
        "hp": 6000.0,
        "level": 50,
        "mp": 2800.0,
        "name": "arthaslichking",
        "pos": {
            "x": 370.022308349609,
            "y": 95.8573913574219,
            "z": 348.195556640625
        }
    }
}