{
    "map": {
        "key": "badland"
    },
    "player": {
        "exp": 0,
        "hp": 1810.0,
        "level": 14,
        "mp": 1000.0,
        "name": "arthaslichking",
        "pos": {
            "x": 94.7988662719727,
            "y": 127.999954223633,
            "z": 176.046264648438
        }
    }
}