{
    "map": {
        "key": "badland"
    },
    "player": {
        "exp": 0,
        "hp": 600.0,
        "level": 1,
        "mp": 350.0,
        "name": "ChiChi",
        "pos": {
            "x": 26.468620300293,
            "y": 132.520629882813,
            "z": 146.903411865234
        }
    }
}