{
    "map": {
        "key": "badland"
    },
    "player": {
        "exp": 93,
        "hp": 2440.0,
        "level": 20,
        "mp": 123.155700683594,
        "name": "arthaslichking",
        "pos": {
            "x": 149.240661621094,
            "y": 127.999923706055,
            "z": 222.178527832031
        }
    }
}