{
    "map": {
        "key": "start"
    },
    "player": {
        "exp": 10,
        "hp": 286.0,
        "level": 2,
        "mp": 400.0,
        "name": "arthaslichking",
        "pos": {
            "x": 124.209053039551,
            "y": 121.606872558594,
            "z": 82.6628799438477
        }
    }
}