{
    "map": {
        "key": "tempdun"
    },
    "player": {
        "exp": 90,
        "hp": 1900.0,
        "level": 14,
        "mp": 1000.0,
        "name": "arthaslichking",
        "pos": {
            "x": 385.460601806641,
            "y": 98.7315979003906,
            "z": 346.232788085938
        }
    }
}