{
    "map": {
        "key": "badland"
    },
    "player": {
        "exp": 28,
        "hp": 1800.0,
        "level": 13,
        "mp": 950.0,
        "name": "arthaslichking",
        "pos": {
            "x": 60.5379028320313,
            "y": 127.999649047852,
            "z": 136.881500244141
        }
    }
}