{
    "gear": {
        "chest": -1,
        "helm": -1,
        "weapon": -1
    },
    "inventory": {
        "gold": 1000
    },
    "map": {
        "key": ""
    },
    "player": {
        "exp": 0,
        "hp": 800.0,
        "level": 3,
        "mp": 450.0,
        "name": "arthaslichking",
        "pos": {
            "x": 81.4713745117188,
            "y": 130.946533203125,
            "z": 26.8808937072754
        }
    }
}