{
    "map": {
        "key": "start"
    },
    "player": {
        "exp": 15,
        "hp": 13400.0,
        "level": 129,
        "mp": 6750.0,
        "name": "arthaslichking",
        "pos": {
            "x": 214.659530639648,
            "y": 134.331832885742,
            "z": 148.202819824219
        }
    }
}