{
    "map": {
        "key": "tempdun"
    },
    "player": {
        "exp": 15,
        "hp": 13400.0,
        "level": 129,
        "mp": 6750.0,
        "name": "arthaslichking",
        "pos": {
            "x": 335.847290039063,
            "y": 84.4863891601563,
            "z": 280.871734619141
        }
    }
}