{
    "map": {
        "key": "badland"
    },
    "player": {
        "exp": 80,
        "hp": 1700.0,
        "level": 12,
        "mp": 900.0,
        "name": "arthaslichking",
        "pos": {
            "x": 83.4108581542969,
            "y": 127.999954223633,
            "z": 160.097747802734
        }
    }
}