{
    "map": {
        "key": "badland"
    },
    "player": {
        "exp": 20,
        "hp": 1700.0,
        "level": 12,
        "mp": 850.0,
        "name": "arthaslichking",
        "pos": {
            "x": 70.1838684082031,
            "y": 127.999954223633,
            "z": 129.880462646484
        }
    }
}