{
    "map": {
        "key": "badland"
    },
    "player": {
        "exp": 28,
        "hp": 820.0,
        "level": 8,
        "mp": 700.0,
        "name": "arthaslichking",
        "pos": {
            "x": 71.5739440917969,
            "y": 127.999954223633,
            "z": 132.621734619141
        }
    }
}