{
    "gear": {
        "chest": -1,
        "helm": -1,
        "weapon": -1
    },
    "inventory": {
        "gold": 1000
    },
    "map": {
        "key": "tempdun"
    },
    "player": {

        "exp": 20,
        "hp": 1700.0,
        "level": 12,
        "mp": 850.0,
        "name": "arthaslichking",
        "pos": {
            "x": 351.585327148438,
            "y": 93.5865020751953,
            "z": 345.854583740234
        }
    }
}