{
    "map": {
        "key": "start"
    },
    "player": {
        "exp": 10,
        "hp": -2052.0,
        "level": 1,
        "mp": 350.0,
        "name": "arthaslichking",
        "pos": {
            "x": 219.640777587891,
            "y": 131.652008056641,
            "z": 140.500396728516
        }
    }
}