{
    "map": {
        "key": "tempdun"
    },
    "player": {
        "exp": 5,
        "hp": 123.0,
        "level": 7,
        "mp": 650.0,
        "name": "arthaslichking",
        "pos": {
            "x": 291.925659179688,
            "y": 84.6517181396484,
            "z": 327.744323730469
        }
    }
}