{
    "map": {
        "key": "tempdun"
    },
    "player": {
        "exp": 0,
        "hp": 600.0,
        "level": 1,
        "mp": 350.0,
        "name": "ChiChi",
        "pos": {
            "x": 73.4795761108398,
            "y": 69.9999694824219,
            "z": 263.614715576172
        }
    }
}