{
    "map": {
        "key": "badland"
    },
    "player": {
        "exp": 0,
        "hp": 600.0,
        "level": 1,
        "mp": 350.0,
        "name": "ChiChi",
        "pos": {
<<<<<<< HEAD
            "x": 113.564338684082,
            "y": 127.999954223633,
            "z": 207.604919433594
=======
            "x": 41.8410568237305,
            "y": 127.999389648438,
            "z": 117.273681640625
>>>>>>> develop
        }
    }
}