{
    "map": {
        "key": "start"
    },
    "player": {
        "exp": 15,
        "hp": 22100.0,
        "level": 216,
        "mp": 11100.0,
        "name": "arthaslichking",
        "pos": {
            "x": 216.530059814453,
            "y": 131.8173828125,
            "z": 144.987243652344
        }
    }
}