{
    "map": {
        "key": "badland"
    },
    "player": {
        "exp": 21,
        "hp": 1575.0,
        "level": 9,
        "mp": 750.0,
        "name": "arthaslichking",
        "pos": {
            "x": 82.6482696533203,
            "y": 127.999954223633,
            "z": 148.573822021484
        }
    }
}