{
    "map": {
        "key": "badland"
    },
    "player": {
        "exp": 0,
        "hp": 600.0,
        "level": 1,
        "mp": 350.0,
        "name": "ChiChi",
        "pos": {
            "x": 92.6677398681641,
            "y": 127.999954223633,
            "z": 134.345581054688
        }
    }
}