{
    "map": {
        "key": "badland"
    },
    "player": {
        "exp": 0,
        "hp": 600.0,
        "level": 1,
        "mp": 350.0,
        "name": "ChiChi",
        "pos": {
            "x": 26.1872367858887,
            "y": 130.614227294922,
            "z": 120.329528808594
        }
    }
}