{
    "map": {
        "key": "badland"
    },
    "player": {
        "exp": 0,
        "hp": 2200.0,
        "level": 17,
        "mp": 1150.0,
        "name": "arthaslichking",
        "pos": {
            "x": 104.669128417969,
            "y": 127.999954223633,
            "z": 108.336616516113
        }
    }
}