{
    "map": {
        "key": "badland"
    },
    "player": {
        "exp": 5,
        "hp": 2200.0,
        "level": 17,
        "mp": 1150.0,
        "name": "arthaslichking",
        "pos": {
            "x": 106.461364746094,
            "y": 127.999954223633,
            "z": 183.730224609375
        }
    }
}