{
    "map": {
        "key": "start"
    },
    "player": {
        "exp": 0,
        "hp": 9500.0,
        "level": 90,
        "mp": 4800.0,
        "name": "arthaslichking",
        "pos": {
            "x": 170.712707519531,
            "y": 151.149856567383,
            "z": 91.3240737915039
        }
    }
}