{
    "map": {
        "key": "tempdun"
    },
    "player": {
        "exp": 0,
        "hp": 2300.0,
        "level": 18,
        "mp": 1200.0,
        "name": "arthaslichking",
        "pos": {
            "x": 222.296112060547,
            "y": 70.0337524414063,
            "z": 318.885681152344
        }
    }
}