{
    "map": {
        "key": "tempdun"
    },
    "player": {
        "exp": 15,
        "hp": 13400.0,
        "level": 129,
        "mp": 6750.0,
        "name": "arthaslichking",
        "pos": {
            "x": 335.840606689453,
            "y": 85.5339965820313,
            "z": 279.536529541016
        }
    }
}