{
    "map": {
        "key": "start"
    },
    "player": {
        "exp": 5,
        "hp": 783.0,
        "level": 5,
        "mp": 550.0,
        "name": "arthaslichking",
        "pos": {
            "x": 207.89631652832,
            "y": 132.938125610352,
            "z": 153.285140991211
        }
    }
}