{
    "map": {
        "key": "badland"
    },
    "player": {
        "exp": 0,
        "hp": 600.0,
        "level": 1,
        "mp": 350.0,
        "name": "ChiChi",
        "pos": {
            "x": 113.564338684082,
            "y": 127.999954223633,
            "z": 207.604919433594
        }
    }
}