{
    "map": {
        "key": "badland"
    },
    "player": {
        "exp": 0,
        "hp": 1700.0,
        "level": 12,
        "mp": 900.0,
        "name": "arthaslichking",
        "pos": {
            "x": 85.2623443603516,
            "y": 127.999954223633,
            "z": 172.575469970703
        }
    }
}