{
    "map": {
        "key": "start"
    },
    "player": {
        "exp": 0,
        "hp": 720.0,
        "level": 4,
        "mp": 500.0,
        "name": "arthaslichking",
        "pos": {
            "x": 206.380126953125,
            "y": 130.822021484375,
            "z": 147.946578979492
        }
    }
}