{
    "map": {
        "key": "badland"
    },
    "player": {
        "exp": 61,
        "hp": 1294.0,
        "level": 8,
        "mp": 700.0,
        "name": "arthaslichking",
        "pos": {
            "x": 78.4824905395508,
            "y": 127.999954223633,
            "z": 152.877731323242
        }
    }
}