{
    "map": {
        "key": "tempdun"
    },
    "player": {

        "exp": 80,
        "hp": 900.0,
        "level": 4,
        "mp": 500.0,
        "name": "arthaslichking",
        "pos": {
            "x": 101.427383422852,
            "y": 130.255432128906,
            "z": 47.6096687316895
        }
    }
}