{
    "map": {
        "key": "tempdun"
    },
    "player": {
        "exp": 5,
        "hp": 2200.0,
        "level": 17,
        "mp": 1150.0,
        "name": "arthaslichking",
        "pos": {
            "x": 267.347259521484,
            "y": 70.0875091552734,
            "z": 294.630096435547
        }
    }
}