{
    "map": {
        "key": "start"
    },
    "player": {
        "exp": 70,
        "hp": 1745.0,
        "level": 15,
        "mp": 1050.0,
        "name": "arthaslichking",
        "pos": {
            "x": 81.9467468261719,
            "y": 130.690948486328,
            "z": 30.8943157196045
        }
    }
}