{
    "map": {
        "key": "badland"
    },
    "player": {
        "exp": 93,
        "hp": 2500.0,
        "level": 20,
        "mp": 88.1704406738281,
        "name": "arthaslichking",
        "pos": {
            "x": 99.9974136352539,
            "y": 127.999954223633,
            "z": 194.154891967773
        }
    }
}